AriaId,WindowId,FileName,AriaOpera,AriaLabel,AriaName,Act,Scene,ActAndScene,Year,Composer,Harmony_Analysis_Available
1262,0,Ale01M-E_prezzo-1738-Galuppi[1.01][1262].xml,Ale,Ale01M,E_prezzo,1,01,101,1738,Baldassare Galuppi,1
1341,0,Ale01M-E_prezzo-1749-Perez[1.01][1341].xml,Ale,Ale01M,E_prezzo,1,01,101,1749,Davide Perez,1
1053,0,Ale01M-E_prezzo-1752-Perez[1.01][1053].xml,Ale,Ale01M,E_prezzo,1,01,101,1752,Davide Perez,1
0668,0,Ale01M-E_prezzo-1755-Galuppi[1.01][0668].xml,Ale,Ale01M,E_prezzo,1,01,101,1755,Baldassare Galuppi,1
1263,0,Ale02M-Vedrai_con-1738-Galuppi[1.02][1263].xml,Ale,Ale02M,Vedrai_con,1,02,102,1738,Baldassare Galuppi,1
1342,0,Ale02M-Vedrai_con-1749-Perez[1.02][1342].xml,Ale,Ale02M,Vedrai_con,1,02,102,1749,Davide Perez,1
1054,0,Ale02M-Vedrai_con-1752-Perez[1.02][1054].xml,Ale,Ale02M,Vedrai_con,1,02,102,1752,Davide Perez,1
0669,0,Ale02M-Vedrai_con-1755-Galuppi[1.02][0669].xml,Ale,Ale02M,Vedrai_con,1,02,102,1755,Baldassare Galuppi,1
0690,0,Ale02M-Vedrai_con-1755-Perez[1.02][0690].xml,Ale,Ale02M,Vedrai_con,1,02,102,1755,Davide Perez,1
1266,0,Ale03M-Vil_trofeo-1738-Galuppi[1.03][1266].xml,Ale,Ale03M,Vil_trofeo,1,03,103,1738,Baldassare Galuppi,1
1343,0,Ale03M-Vil_trofeo-1749-Perez[1.03][1343].xml,Ale,Ale03M,Vil_trofeo,1,03,103,1749,Davide Perez,1
1055,0,Ale03M-Vil_trofeo-1752-Perez[1.03][1055].xml,Ale,Ale03M,Vil_trofeo,1,03,103,1752,Davide Perez,1
0670,0,Ale03M-Vil_trofeo-1755-Galuppi[1.03][0670].xml,Ale,Ale03M,Vil_trofeo,1,03,103,1755,Baldassare Galuppi,1
0691,0,Ale03M-Vil_trofeo-1755-Perez[1.03][0691].xml,Ale,Ale03M,Vil_trofeo,1,03,103,1755,Davide Perez,1
1267,0,Ale04M-Chi_vive-1738-Galuppi[1.04][1267].xml,Ale,Ale04M,Chi_vive,1,04,104,1738,Baldassare Galuppi,1
1344,0,Ale04M-Chi_vive-1749-Perez[1.04][1344].xml,Ale,Ale04M,Chi_vive,1,04,104,1749,Davide Perez,1
1056,0,Ale04M-Chi_vive-1752-Perez[1.04][1056].xml,Ale,Ale04M,Chi_vive,1,04,104,1752,Davide Perez,1
0671,0,Ale04M-Chi_vive-1755-Galuppi[1.04][0671].xml,Ale,Ale04M,Chi_vive,1,04,104,1755,Baldassare Galuppi,1
0692,0,Ale04M-Chi_vive-1755-Perez[1.04][0692].xml,Ale,Ale04M,Chi_vive,1,04,104,1755,Davide Perez,1
1349,0,Ale05M-O_sugli-1749-Perez[1.05][1349].xml,Ale,Ale05M,O_sugli,1,05,105,1749,Davide Perez,1
1057,0,Ale05M-O_sugli-1752-Perez[1.05][1057].xml,Ale,Ale05M,O_sugli,1,05,105,1752,Davide Perez,1
0672,0,Ale05M-O_sugli-1755-Galuppi[1.05][0672].xml,Ale,Ale05M,O_sugli,1,05,105,1755,Baldassare Galuppi,1
0693,0,Ale05M-O_sugli-1755-Perez[1.05][0693].xml,Ale,Ale05M,O_sugli,1,05,105,1755,Davide Perez,1
1278,0,Ale06M-Ale07M-Se_mai-1738-Galuppi[1.16][1278].xml,Ale,Ale06M-Ale07M,Se_mai,1,16,116,1738,Baldassare Galuppi,1
1369,0,Ale06M-Ale07M-Se_mai-1749-Perez[1.16][1369].xml,Ale,Ale06M-Ale07M,Se_mai,1,16,116,1749,Davide Perez,1
0678,0,Ale06M-Ale07M-Se_mai-1755-Galuppi[1.16][0678].xml,Ale,Ale06M-Ale07M,Se_mai,1,16,116,1755,Baldassare Galuppi,1
0697,0,Ale06M-Ale07M-Se_mai-1755-Perez[1.15][0697].xml,Ale,Ale06M-Ale07M,Se_mai,1,15,115,1755,Davide Perez,1
1274,0,Ale06M-Se_mai-1738-Galuppi[1.06][1274].xml,Ale,Ale06M,Se_mai,1,06,106,1738,Baldassare Galuppi,1
1350,0,Ale06M-Se_mai-1749-Perez[1.06][1350].xml,Ale,Ale06M,Se_mai,1,06,106,1749,Davide Perez,1
1058,0,Ale06M-Se_mai-1752-Perez[1.06][1058].xml,Ale,Ale06M,Se_mai,1,06,106,1752,Davide Perez,1
0673,0,Ale06M-Se_mai-1755-Galuppi[1.06][0673].xml,Ale,Ale06M,Se_mai,1,06,106,1755,Baldassare Galuppi,1
0694,0,Ale06M-Se_mai-1755-Perez[1.06][0694].xml,Ale,Ale06M,Se_mai,1,06,106,1755,Davide Perez,1
1275,0,Ale07M-Se_mai-1738-Galuppi[1.07][1275].xml,Ale,Ale07M,Se_mai,1,07,107,1738,Baldassare Galuppi,1
1368,0,Ale07M-Se_mai-1749-Perez[1.07][1368].xml,Ale,Ale07M,Se_mai,1,07,107,1749,Davide Perez,1
1059,0,Ale07M-Se_mai-1752-Perez[1.07][1059].xml,Ale,Ale07M,Se_mai,1,07,107,1752,Davide Perez,1
0674,0,Ale07M-Se_mai-1755-Galuppi[1.07][0674].xml,Ale,Ale07M,Se_mai,1,07,107,1755,Baldassare Galuppi,1
0695,0,Ale07M-Se_mai-1755-Perez[1.07][0695].xml,Ale,Ale07M,Se_mai,1,07,107,1755,Davide Perez,1
1276,0,Ale08M-Se_possono-1738-Galuppi[1.09][1276].xml,Ale,Ale08M,Se_possono,1,09,109,1738,Baldassare Galuppi,1
1351,0,Ale08M-Se_possono-1749-Perez[1.09][1351].xml,Ale,Ale08M,Se_possono,1,09,109,1749,Davide Perez,1
1060,0,Ale08M-Se_possono-1752-Perez[1.09][1060].xml,Ale,Ale08M,Se_possono,1,09,109,1752,Davide Perez,1
1061,0,Ale08M-Se_possono-1752-Perez[1.09][1061].xml,Ale,Ale08M,Se_possono,1,09,109,1752,Davide Perez,1
0675,0,Ale08M-Se_possono-1755-Galuppi[1.09][0675].xml,Ale,Ale08M,Se_possono,1,09,109,1755,Baldassare Galuppi,1
1062,0,Ale09M-Compagni_nell-1752-Perez[1.10][1062].xml,Ale,Ale09M,Compagni_nell,1,10,110,1752,Davide Perez,1
1277,0,Ale10M-Voi_che-1738-Galuppi[1.11][1277].xml,Ale,Ale10M,Voi_che,1,11,111,1738,Baldassare Galuppi,1
1370,0,Ale10M-Voi_che-1749-Perez[1.11][1370].xml,Ale,Ale10M,Voi_che,1,11,111,1749,Davide Perez,1
1063,0,Ale10M-Voi_che-1752-Perez[1.11][1063].xml,Ale,Ale10M,Voi_che,1,11,111,1752,Davide Perez,1
0696,0,Ale10M-Voi_che-1755-Perez[1.10][0696].xml,Ale,Ale10M,Voi_che,1,10,110,1755,Davide Perez,1
1065,0,Ale115X-E_maggiore-1752-Perez[1.17][1065].xml,Ale,Ale115X,E_maggiore,1,17,117,1752,Davide Perez,1
1066,0,Ale116X-Vanne_piu-1752-Perez[3.02][1066].xml,Ale,Ale116X,Vanne_piu,3,02,302,1752,Davide Perez,1
1067,0,Ale117X-Solo_ascolto-1752-Perez[3.06][1067].xml,Ale,Ale117X,Solo_ascolto,3,06,306,1752,Davide Perez,1
1268,0,Ale119X-Se_la-1738-Galuppi[1.05][1268].xml,Ale,Ale119X,Se_la,1,05,105,1738,Baldassare Galuppi,1
1371,0,Ale11M-Se_amore-1749-Perez[1.15][1371].xml,Ale,Ale11M,Se_amore,1,15,115,1749,Davide Perez,1
1064,0,Ale11M-Se_amore-1752-Perez[1.15][1064].xml,Ale,Ale11M,Se_amore,1,15,115,1752,Davide Perez,1
0677,0,Ale11M-Se_amore-1755-Galuppi[1.15][0677].xml,Ale,Ale11M,Se_amore,1,15,115,1755,Baldassare Galuppi,1
0680,0,Ale12M-Non_sarei-1755-Galuppi[2.04][0680].xml,Ale,Ale12M,Non_sarei,2,04,204,1755,Baldassare Galuppi,1
1239,0,Ale12M-Non_sarei-nd-Anonymous[2.04][1239].xml,Ale,Ale12M,Non_sarei,2,04,204,nd,Unknown Composer,1
0698,0,Ale13M-Senza_procelle-1755-Perez[2.04][0698].xml,Ale,Ale13M,Senza_procelle,2,04,204,1755,Davide Perez,1
1372,0,Ale15M-Dun_barbaro-1749-Perez[2.04][1372].xml,Ale,Ale15M,Dun_barbaro,2,04,204,1749,Davide Perez,1
1279,0,Ale16M-Digli_che-1738-Galuppi[2.09][1279].xml,Ale,Ale16M,Digli_che,2,09,209,1738,Baldassare Galuppi,1
1373,0,Ale16M-Digli_che-1749-Perez[2.05][1373].xml,Ale,Ale16M,Digli_che,2,05,205,1749,Davide Perez,1
0682,0,Ale16M-Digli_che-1755-Galuppi[2.09][0682].xml,Ale,Ale16M,Digli_che,2,09,209,1755,Baldassare Galuppi,1
0709,0,Ale16M-Digli_che-1755-Perez[2.09][0709].xml,Ale,Ale16M,Digli_che,2,09,209,1755,Davide Perez,1
1280,0,Ale17M-Destrier_che-1738-Galuppi[2.10][1280].xml,Ale,Ale17M,Destrier_che,2,10,210,1738,Baldassare Galuppi,1
1374,0,Ale17M-Destrier_che-1749-Perez[2.06][1374].xml,Ale,Ale17M,Destrier_che,2,06,206,1749,Davide Perez,1
0683,0,Ale17M-Destrier_che-1755-Galuppi[2.10][0683].xml,Ale,Ale17M,Destrier_che,2,10,210,1755,Baldassare Galuppi,1
0710,0,Ale17M-Destrier_che-1755-Perez[2.10][0710].xml,Ale,Ale17M,Destrier_che,2,10,210,1755,Davide Perez,1
1375,0,Ale18M-E_ver-1749-Perez[2.07][1375].xml,Ale,Ale18M,E_ver,2,07,207,1749,Davide Perez,1
0700,0,Ale19M-Se_e-1738-Galuppi[2.13][0700].xml,Ale,Ale19M,Se_e,2,13,213,1738,Baldassare Galuppi,1
1376,0,Ale19M-Se_e-1749-Perez[2.09][1376].xml,Ale,Ale19M,Se_e,2,09,209,1749,Davide Perez,1
0711,0,Ale19M-Se_e-1755-Perez[2.12][0711].xml,Ale,Ale19M,Se_e,2,12,212,1755,Davide Perez,1
1377,0,Ale20M-Se_il-1749-Perez[2.10][1377].xml,Ale,Ale20M,Se_il,2,10,210,1749,Davide Perez,1
0712,0,Ale20M-Se_il-1755-Perez[2.13][0712].xml,Ale,Ale20M,Se_il,2,13,213,1755,Davide Perez,1
1281,0,Ale21M-Se_viver-1738-Galuppi[2.11][1281].xml,Ale,Ale21M,Se_viver,2,11,211,1738,Baldassare Galuppi,1
1378,0,Ale21M-Se_viver-1749-Perez[2.11][1378].xml,Ale,Ale21M,Se_viver,2,11,211,1749,Davide Perez,1
0713,0,Ale21M-Se_viver-1755-Perez[2.14][0713].xml,Ale,Ale21M,Se_viver,2,14,214,1755,Davide Perez,1
1282,0,Ale22M-Di_rendermi-1738-Galuppi[2.16][1282].xml,Ale,Ale22M,Di_rendermi,2,16,216,1738,Baldassare Galuppi,1
1379,0,Ale22M-Di_rendermi-1749-Perez[2.12][1379].xml,Ale,Ale22M,Di_rendermi,2,12,212,1749,Davide Perez,1
0714,0,Ale22M-Di_rendermi-1755-Perez[2.15][0714].xml,Ale,Ale22M,Di_rendermi,2,15,215,1755,Davide Perez,1
1380,0,Ale24M-Se_troppo-1749-Perez[3.04][1380].xml,Ale,Ale24M,Se_troppo,3,04,304,1749,Davide Perez,1
0702,0,Ale24M-Se_troppo-1755-Galuppi[3.04][0702].xml,Ale,Ale24M,Se_troppo,3,04,304,1755,Baldassare Galuppi,1
0715,0,Ale24M-Se_troppo-1755-Perez[3.01][0715].xml,Ale,Ale24M,Se_troppo,3,01,301,1755,Davide Perez,1
1381,0,Ale26M-Serbati_a-1749-Perez[3.06][1381].xml,Ale,Ale26M,Serbati_a,3,06,306,1749,Davide Perez,1
0703,0,Ale26M-Serbati_a-1755-Galuppi[3.06][0703].xml,Ale,Ale26M,Serbati_a,3,06,306,1755,Baldassare Galuppi,1
0719,0,Ale26M-Serbati_a-1755-Perez[3.04][0719].xml,Ale,Ale26M,Serbati_a,3,04,304,1755,Davide Perez,1
1283,0,Ale27M-Finche_rimango-1738-Galuppi[3.07][1283].xml,Ale,Ale27M,Finche_rimango,3,07,307,1738,Baldassare Galuppi,1
0704,0,Ale27M-Finche_rimango-1755-Galuppi[3.07][0704].xml,Ale,Ale27M,Finche_rimango,3,07,307,1755,Baldassare Galuppi,1
0716,0,Ale27M-Finche_rimango-1755-Perez[3.05][0716].xml,Ale,Ale27M,Finche_rimango,3,05,305,1755,Davide Perez,1
1284,0,Ale28M-Dove_si-1738-Galuppi[3.09][1284].xml,Ale,Ale28M,Dove_si,3,09,309,1738,Baldassare Galuppi,1
1382,0,Ale28M-Dove_si-1749-Perez[3.09][1382].xml,Ale,Ale28M,Dove_si,3,09,309,1749,Davide Perez,1
1068,0,Ale28M-Dove_si-1752-Perez[3.08][1068].xml,Ale,Ale28M,Dove_si,3,08,308,1752,Davide Perez,1
0705,0,Ale28M-Dove_si-1755-Galuppi[3.09][0705].xml,Ale,Ale28M,Dove_si,3,09,309,1755,Baldassare Galuppi,1
0717,0,Ale28M-Dove_si-1755-Perez[3.07][0717].xml,Ale,Ale28M,Dove_si,3,07,307,1755,Davide Perez,1
0706,0,Ale29M-Mio_ben-1738-Galuppi[3.10][0706].xml,Ale,Ale29M,Mio_ben,3,10,310,1738,Baldassare Galuppi,1
1383,0,Ale29M-Mio_ben-1749-Perez[3.10][1383].xml,Ale,Ale29M,Mio_ben,3,10,310,1749,Davide Perez,1
1069,0,Ale29M-Mio_ben-1752-Perez[3.09][1069].xml,Ale,Ale29M,Mio_ben,3,09,309,1752,Davide Perez,1
0699,0,Ale29M-Mio_ben-1755-Perez[3.08][0699].xml,Ale,Ale29M,Mio_ben,3,08,308,1755,Davide Perez,1
1285,0,Ale30M-Son_confusa-1738-Galuppi[3.11][1285].xml,Ale,Ale30M,Son_confusa,3,11,311,1738,Baldassare Galuppi,1
1384,0,Ale30M-Son_confusa-1749-Perez[3.11][1384].xml,Ale,Ale30M,Son_confusa,3,11,311,1749,Davide Perez,1
1070,0,Ale30M-Son_confusa-1752-Perez[3.10][1070].xml,Ale,Ale30M,Son_confusa,3,10,310,1752,Davide Perez,1
0707,0,Ale30M-Son_confusa-1755-Galuppi[3.11][0707].xml,Ale,Ale30M,Son_confusa,3,11,311,1755,Baldassare Galuppi,1
0718,0,Ale30M-Son_confusa-1755-Perez[3.09][0718].xml,Ale,Ale30M,Son_confusa,3,09,309,1755,Davide Perez,1
1385,0,Ale31M-Ombra_dell-1749-Perez[3.12][1385].xml,Ale,Ale31M,Ombra_dell,3,12,312,1749,Davide Perez,1
1071,0,Ale31M-Ombra_dell-1752-Perez[3.11][1071].xml,Ale,Ale31M,Ombra_dell,3,11,311,1752,Davide Perez,1
0708,0,Ale31M-Ombra_dell-1755-Galuppi[3.12][0708].xml,Ale,Ale31M,Ombra_dell,3,12,312,1755,Baldassare Galuppi,1
0701,0,Ale47X-Il_regno-1738-Galuppi[2.14][0701].xml,Ale,Ale47X,Il_regno,2,14,214,1738,Baldassare Galuppi,1
0676,0,Ale57X-Non_va-1755-Galuppi[1.11][0676].xml,Ale,Ale57X,Non_va,1,11,111,1755,Baldassare Galuppi,1
0679,0,Ale58X-Frangi_la-1755-Galuppi[2.02][0679].xml,Ale,Ale58X,Frangi_la,2,02,202,1755,Baldassare Galuppi,1
0681,0,Ale59X-Se_vuol-1755-Galuppi[2.08][0681].xml,Ale,Ale59X,Se_vuol,2,08,208,1755,Baldassare Galuppi,1
1714,0,Art01M-Conservati_fedele-1749-Galuppi[1.01][1714].xml,Art,Art01M,Conservati_fedele,1,01,101,1749,Baldassare Galuppi,1
1721,0,Art01M-Conservati_fedele-1749-Perez[1.01][1721].xml,Art,Art01M,Conservati_fedele,1,01,101,1749,Davide Perez,1
2009,0,Art02M-Fra_cento-1749-Galuppi[1.02][2009].xml,Art,Art02M,Fra_cento,1,02,102,1749,Baldassare Galuppi,1
1939,0,Art02M-Fra_cento-1749-Perez[1.02][1939].xml,Art,Art02M,Fra_cento,1,02,102,1749,Davide Perez,1
1935,0,Art03M-Su_le-1749-Perez[1.03][1935].xml,Art,Art03M,Su_le,1,03,103,1749,Davide Perez,1
2023,0,Art03M-Su_le-1749_Galuppi[1.03][2023].xml,Art,Art03M-Su_le-1749_Galuppi[1.03][2023].xm,Art03M,1,03,103,Su_le,Baldassare Galuppi,1
1716,0,Art04M-Per_pieta_bell-1749-Galuppi[1.05][1716].xml,Art,Art04M,Per_pieta_bell,1,05,105,1749,Baldassare Galuppi,1
1722,0,Art04M-Per_pieta_bell-1749-Perez[1.05][1722].xml,Art,Art04M,Per_pieta_bell,1,05,105,1749,Davide Perez,1
2018,0,Art05M-Sogna_il-1749-Galuppi[1.06][2018].xml,Art,Art05M,Sogna_il,1,06,106,1749,Baldassare Galuppi,1
1936,0,Art05M-Sogna_il-1749-Perez[1.06][1936].xml,Art,Art05M,Sogna_il,1,06,106,1749,Davide Perez,1
2020,0,Art06M-Bramar_di-1749-Galuppi[1.07][2020].xml,Art,Art06M,Bramar_di,1,07,107,1749,Baldassare Galuppi,1
1940,0,Art06M-Bramar_di-1749-Perez[1.07][1940].xml,Art,Art06M,Bramar_di,1,07,107,1749,Davide Perez,1
1934,0,Art07M-Deh_respirar-1749-Perez[1.11][1934].xml,Art,Art07M,Deh_respirar,1,11,111,1749,Davide Perez,1
1943,0,Art08M-Non_ti-1749-Perez[1.12][1943].xml,Art,Art08M,Non_ti,1,12,112,1749,Davide Perez,1
1937,0,Art09M-Torna_innocente-1749-Perez[1.13][1937].xml,Art,Art09M,Torna_innocente,1,13,113,1749,Davide Perez,1
1933,0,Art10M-Dimmi_che-1749-Perez[1.14][1933].xml,Art,Art10M,Dimmi_che,1,14,114,1749,Davide Perez,1
1942,0,Art11M-Vo_solcando-1749-Perez[1.15][1942].xml,Art,Art11M,Vo_solcando,1,15,115,1749,Davide Perez,1
2017,0,Art12M-Rendimi_il-1749-Galuppi[2.01][2017].xml,Art,Art12M,Rendimi_il,2,01,201,1749,Baldassare Galuppi,1
1941,0,Art13M-Mi_scacci-1749-Perez[2.02][1941].xml,Art,Art13M,Mi_scacci,2,02,202,1749,Davide Perez,1
2013,0,Art14M-Amalo_e-1749-Galuppi[2.04][2013].xml,Art,Art14M,Amalo_e,2,04,204,1749,Baldassare Galuppi,1
2014,0,Art15M-Non_temer_chio-1749-Galuppi[2.05][2014].xml,Art,Art15M,Non_temer_chio,2,05,205,1749,Baldassare Galuppi,1
1938,0,Art15M-Non_temer_chio-1749-Perez[2.05][1938].xml,Art,Art15M,Non_temer_chio,2,05,205,1749,Davide Perez,1
1947,0,Art16M-Se_dun-1749-Perez[2.06][1947].xml,Art,Art16M,Se_dun,2,06,206,1749,Davide Perez,1
2019,0,Art17M-Se_del-1749-Galuppi[2.07][2019].xml,Art,Art17M,Se_del,2,07,207,1749,Baldassare Galuppi,1
1944,0,Art17M-Se_del-1749-Perez[2.07][1944].xml,Art,Art17M,Se_del,2,07,207,1749,Davide Perez,1
2021,0,Art18M-Per_quel-1749-Galuppi[2.11][2021].xml,Art,Art18M,Per_quel,2,11,211,1749,Baldassare Galuppi,1
1945,0,Art18M-Per_quel-1749-Perez[2.11][1945].xml,Art,Art18M,Per_quel,2,11,211,1749,Davide Perez,1
2024,0,Art19M-Va_tra-1749-Galuppi[2.12][2024].xml,Art,Art19M,Va_tra,2,12,212,1749,Baldassare Galuppi,1
1961,0,Art19M-Va_tra-1749-Perez[2.12][1961].xml,Art,Art19M,Va_tra,2,12,212,1749,Davide Perez,1
2026,0,Art21M-Non_conosco-1749-Galuppi[2.14][2026].xml,Art,Art21M,Non_conosco,2,14,214,1749,Baldassare Galuppi,1
1956,0,Art21M-Non_conosco-1749-Perez[2.13][1956].xml,Art,Art21M,Non_conosco,2,13,213,1749,Davide Perez,1
2035,0,Art22M-Cosi_stupisce-1749-Galuppi[2.15][2035].xml,Art,Art22M,Cosi_stupisce,2,15,215,1749,Baldassare Galuppi,1
1965,0,Art22M-Cosi_stupisce-1749-Perez[2.14][1965].xml,Art,Art22M,Cosi_stupisce,2,14,214,1749,Davide Perez,1
2043,0,Art23M-Perche_tarda-1749-Galuppi[3.01][2043].xml,Art,Art23M,Perche_tarda,3,01,301,1749,Baldassare Galuppi,1
1963,0,Art23M-Perche_tarda-1749-Perez[3.01][1963].xml,Art,Art23M,Perche_tarda,3,01,301,1749,Davide Perez,1
2030,0,Art24M-Londa_dal-1749-Galuppi[3.01][2030].xml,Art,Art24M,Londa_dal,3,01,301,1749,Baldassare Galuppi,1
2031,0,Art25M-Nuvoletta_opposta-1749-Galuppi[3.02][2031].xml,Art,Art25M,Nuvoletta_opposta,3,02,302,1749,Baldassare Galuppi,1
1968,0,Art25M-Nuvoletta_opposta-1749-Perez[3.02][1968].xml,Art,Art25M,Nuvoletta_opposta,3,02,302,1749,Davide Perez,1
1978,0,Art26M-Ardito_ti-1749-Perez[3.03][1978].xml,Art,Art26M,Ardito_ti,3,03,303,1749,Davide Perez,1
2038,0,Art27M-Figlio_se-1749-Galuppi[3.04][2038].xml,Art,Art27M,Figlio_se,3,04,304,1749,Baldassare Galuppi,1
1985,0,Art27M-Figlio_se-1749-Perez[3.04][1985].xml,Art,Art27M,Figlio_se,3,04,304,1749,Davide Perez,1
2054,0,Art28M-Mi_credi-1749-Galuppi[3.06][2054].xml,Art,Art28M,Mi_credi,3,06,306,1749,Baldassare Galuppi,1
1981,0,Art28M-Mi_credi-1749-Perez[3.05][1981].xml,Art,Art28M,Mi_credi,3,05,305,1749,Davide Perez,1
1989,0,Art29M-Non_e-1749-Perez[3.06][1989].xml,Art,Art29M,Non_e,3,06,306,1749,Davide Perez,1
2050,0,Art31M-Tu_vuoi-1749-Galuppi[3.07][2050].xml,Art,Art31M,Tu_vuoi,3,07,307,1749,Baldassare Galuppi,1
1994,0,Art31M-Tu_vuoi-1749-Perez[3.07][1994].xml,Art,Art31M,Tu_vuoi,3,07,307,1749,Davide Perez,1
0775,0,Dem01M-O_piu-1752-Perez[1.01][0775].xml,Dem,Dem01M,O_piu,1,01,101,1752,Davide Perez,1
1168,0,Dem01M-O_piu-1758-Galuppi[1.01][1168].xml,Dem,Dem01M,O_piu,1,01,101,1758,Baldassare Galuppi,1
0776,0,Dem02M-In_te-1752-Perez[1.02][0776].xml,Dem,Dem02M,In_te,1,02,102,1752,Davide Perez,1
1207,0,Dem02M-In_te-1758-Galuppi[1.02][1207].xml,Dem,Dem02M,In_te,1,02,102,1758,Baldassare Galuppi,1
0777,0,Dem03M-Per_lei-1752-Perez[1.03][0777].xml,Dem,Dem03M,Per_lei,1,03,103,1752,Davide Perez,1
1208,0,Dem03M-Per_lei-1758-Galuppi[1.03][1208].xml,Dem,Dem03M,Per_lei,1,03,103,1758,Baldassare Galuppi,1
1241,0,Dem04M-Sperai_vicino-1750-Galuppi[1.04][1241].xml,Dem,Dem04M,Sperai_vicino,1,04,104,1750,Baldassare Galuppi,1
0779,0,Dem04M-Sperai_vicino-1752-Perez[1.05][0779].xml,Dem,Dem04M,Sperai_vicino,1,05,105,1752,Davide Perez,1
1261,0,Dem04M-Sperai_vicino-1758-Galuppi[1.04][1261].xml,Dem,Dem04M,Sperai_vicino,1,04,104,1758,Baldassare Galuppi,1
0780,0,Dem05M-Tintendo_ingrata-1752-Perez[1.06][0780].xml,Dem,Dem05M,Tintendo_ingrata,1,06,106,1752,Davide Perez,1
1209,0,Dem05M-Tintendo_ingrata-1758-Galuppi[1.05][1209].xml,Dem,Dem05M,Tintendo_ingrata,1,05,105,1758,Baldassare Galuppi,1
0781,0,Dem06M-Non_curo-1752-Perez[1.08][0781].xml,Dem,Dem06M,Non_curo,1,08,108,1752,Davide Perez,1
1210,0,Dem06M-Non_curo-1758-Galuppi[1.07][1210].xml,Dem,Dem06M,Non_curo,1,07,107,1758,Baldassare Galuppi,1
1240,0,Dem07M-Il_suo-1750-Galuppi[1.08][1240].xml,Dem,Dem07M,Il_suo,1,08,108,1750,Baldassare Galuppi,1
0782,0,Dem07M-Il_suo-1752-Perez[1.09][0782].xml,Dem,Dem07M,Il_suo,1,09,109,1752,Davide Perez,1
0783,0,Dem08M-Padre_perdona-1752-Perez[1.13][0783].xml,Dem,Dem08M,Padre_perdona,1,13,113,1752,Davide Perez,1
1211,0,Dem08M-Padre_perdona-1758-Galuppi[1.12][1211].xml,Dem,Dem08M,Padre_perdona,1,12,112,1758,Baldassare Galuppi,1
0784,0,Dem09M-Se_ardire-1752-Perez[1.14][0784].xml,Dem,Dem09M,Se_ardire,1,14,114,1752,Davide Perez,1
1212,0,Dem09M-Se_ardire-1758-Galuppi[1.13][1212].xml,Dem,Dem09M,Se_ardire,1,13,113,1758,Baldassare Galuppi,1
1242,0,Dem10M-Tu_sai-1750-Galuppi[2.01][1242].xml,Dem,Dem10M,Tu_sai,2,01,201,1750,Baldassare Galuppi,1
0785,0,Dem11M-Prudente_mi-1752-Perez[2.02][0785].xml,Dem,Dem11M,Prudente_mi,2,02,202,1752,Davide Perez,1
1213,0,Dem11M-Prudente_mi-1758-Galuppi[2.02][1213].xml,Dem,Dem11M,Prudente_mi,2,02,202,1758,Baldassare Galuppi,1
0786,0,Dem12M-Se_tronca-1752-Perez[2.03][0786].xml,Dem,Dem12M,Se_tronca,2,03,203,1752,Davide Perez,1
0787,0,Dem13M-E_soccorso-1752-Perez[2.04][0787].xml,Dem,Dem13M,E_soccorso,2,04,204,1752,Davide Perez,1
1214,0,Dem13M-E_soccorso-1758-Galuppi[2.04][1214].xml,Dem,Dem13M,E_soccorso,2,04,204,1758,Baldassare Galuppi,1
0117,0,Dem14M-Se_tutti-1750-Galuppi[2.06][0117].xml,Dem,Dem14M,Se_tutti,2,06,206,1750,Baldassare Galuppi,1
0115,0,Dem14M-Se_tutti-1752-Perez[2.06][0115].xml,Dem,Dem14M,Se_tutti,2,06,206,1752,Davide Perez,1
0110,0,Dem14M-Se_tutti-1758-Galuppi[2.06][0110].xml,Dem,Dem14M,Se_tutti,2,06,206,1758,Baldassare Galuppi,1
0788,0,Dem15M-No_non-1752-Perez[2.07][0788].xml,Dem,Dem15M,No_non,2,07,207,1752,Davide Perez,1
1215,0,Dem15M-No_non-1758-Galuppi[2.07][1215].xml,Dem,Dem15M,No_non,2,07,207,1758,Baldassare Galuppi,1
0789,0,Dem16M-Felice_eta-1752-Perez[2.08][0789].xml,Dem,Dem16M,Felice_eta,2,08,208,1752,Davide Perez,1
0790,0,Dem17M-Perfidi_gia-1752-Perez[2.10][0790].xml,Dem,Dem17M,Perfidi_gia,2,10,210,1752,Davide Perez,1
1226,0,Dem17M-Perfidi_gia-1758-Galuppi[2.10][1226].xml,Dem,Dem17M,Perfidi_gia,2,10,210,1758,Baldassare Galuppi,1
0791,0,Dem18M-La_destra-1752-Perez[2.11][0791].xml,Dem,Dem18M,La_destra,2,11,211,1752,Davide Perez,1
1227,0,Dem18M-La_destra-1758-Galuppi[2.11][1227].xml,Dem,Dem18M,La_destra,2,11,211,1758,Baldassare Galuppi,1
0792,0,Dem19M-Non_odi-1752-Perez[3.01][0792].xml,Dem,Dem19M,Non_odi,3,01,301,1752,Davide Perez,1
1228,0,Dem19M-Non_odi-1758-Galuppi[3.01][1228].xml,Dem,Dem19M,Non_odi,3,01,301,1758,Baldassare Galuppi,1
0793,0,Dem20M-Nel_tuo-1752-Perez[3.02][0793].xml,Dem,Dem20M,Nel_tuo,3,02,302,1752,Davide Perez,1
1229,0,Dem20M-Nel_tuo-1758-Galuppi[3.02][1229].xml,Dem,Dem20M,Nel_tuo,3,02,302,1758,Baldassare Galuppi,1
0794,0,Dem21M-Ah_che-1752-Perez[3.03][0794].xml,Dem,Dem21M,Ah_che,3,03,303,1752,Davide Perez,1
0093,0,Dem22M-Misero_pargoletto-1752-Perez[3.05][0093].xml,Dem,Dem22M,Misero_pargoletto,3,05,305,1752,Davide Perez,1
0089,0,Dem22M-Misero_pargoletto-1758-Galuppi[3.05][0089].xml,Dem,Dem22M,Misero_pargoletto,3,05,305,1758,Baldassare Galuppi,1
0795,0,Dem23M-Odo_il-1752-Perez[3.06][0795].xml,Dem,Dem23M,Odo_il,3,06,306,1752,Davide Perez,1
1230,0,Dem23M-Odo_il-1758-Galuppi[3.06][1230].xml,Dem,Dem23M,Odo_il,3,06,306,1758,Baldassare Galuppi,1
1243,0,Dem24M-Che_mai-1750-Galuppi[3.07][1243].xml,Dem,Dem24M,Che_mai,3,07,307,1750,Baldassare Galuppi,1
0796,0,Dem24M-Che_mai-1752-Perez[3.07][0796].xml,Dem,Dem24M,Che_mai,3,07,307,1752,Davide Perez,1
1231,0,Dem24M-Che_mai-1758-Galuppi[3.07][1231].xml,Dem,Dem24M,Che_mai,3,07,307,1758,Baldassare Galuppi,1
0797,0,Dem25M-Non_dura-1752-Perez[3.08][0797].xml,Dem,Dem25M,Non_dura,3,08,308,1752,Davide Perez,1
1238,0,Dem25M-Non_dura-1758-Galuppi[3.08][1238].xml,Dem,Dem25M,Non_dura,3,08,308,1758,Baldassare Galuppi,1
0778,0,Dem75X-Nel_dolci-1752-Perez[1.04][0778].xml,Dem,Dem75X,Nel_dolci,1,04,104,1752,Davide Perez,1
0485,0,Did02M-Diro_che-1752-Galuppi[1.03][0485].xml,Did,Did02M,Diro_che,1,03,103,1752,Baldassare Galuppi,1
0233,0,Did02M-Diro_che-1753-Perez[1.03][0233].xml,Did,Did02M,Diro_che,1,03,103,1753,Davide Perez,1
0667,0,Did02M-Diro_che-1764-Galuppi[1.03][0667].xml,Did,Did02M,Diro_che,1,03,103,1764,Baldassare Galuppi,1
1144,0,Did03M-Son_regina-1752-Galuppi[1.05][1144].xml,Did,Did03M,Son_regina,1,05,105,1752,Baldassare Galuppi,1
0033,0,Did03M-Son_regina-1753-Perez[1.05][0033].xml,Did,Did03M,Son_regina,1,05,105,1753,Davide Perez,1
0809,0,Did03M-Son_regina-1764-Galuppi[1.05][0809].xml,Did,Did03M,Son_regina,1,05,105,1764,Baldassare Galuppi,1
1147,0,Did04M-Tu_mi_scorgi-1752-Galuppi[1.06][1147].xml,Did,Did04M,Tu_mi_scorgi,1,06,106,1752,Baldassare Galuppi,1
0235,0,Did04M-Tu_mi_scorgi-1753-Perez[1.06][0235].xml,Did,Did04M,Tu_mi_scorgi,1,06,106,1753,Davide Perez,1
0684,0,Did04M-Tu_mi_scorgi-1764-Galuppi[1.06][0684].xml,Did,Did04M,Tu_mi_scorgi,1,06,106,1764,Baldassare Galuppi,1
0236,0,Did05M-Fra_lo-1753-Perez[1.07][0236].xml,Did,Did05M,Fra_lo,1,07,107,1753,Davide Perez,1
0685,0,Did05M-Fra_lo-1764-Galuppi[1.07][0685].xml,Did,Did05M,Fra_lo,1,07,107,1764,Baldassare Galuppi,1
0244,0,Did06M-Se_dalle-1753-Perez[1.13][0244].xml,Did,Did06M,Se_dalle,1,13,113,1753,Davide Perez,1
0686,0,Did06M-Se_dalle-1764-Galuppi[1.08][0686].xml,Did,Did06M,Se_dalle,1,08,108,1764,Baldassare Galuppi,1
0488,0,Did07M-Quando_saprai-1752-Galuppi[1.08][0488].xml,Did,Did07M,Quando_saprai,1,08,108,1752,Baldassare Galuppi,1
0239,0,Did07M-Quando_saprai-1753-Perez[1.09][0239].xml,Did,Did07M,Quando_saprai,1,09,109,1753,Davide Perez,1
0767,0,Did07M-Quando_saprai-1764-Galuppi[1.10][0767].xml,Did,Did07M,Quando_saprai,1,10,110,1764,Baldassare Galuppi,1
1165,0,Did08M-Ogni_amator-1752-Galuppi[2.10][1165].xml,Did,Did08M,Ogni_amator,2,10,210,1752,Baldassare Galuppi,1
0241,0,Did09M-Son_quel-1753-Perez[1.12][0241].xml,Did,Did09M,Son_quel,1,12,112,1753,Davide Perez,1
0245,0,Did11M-Tu_mi_disarmi-1753-Perez[1.16][0245].xml,Did,Did11M,Tu_mi_disarmi,1,16,116,1753,Davide Perez,1
0687,0,Did11M-Tu_mi_disarmi-1764-Galuppi[1.16][0687].xml,Did,Did11M,Tu_mi_disarmi,1,16,116,1764,Baldassare Galuppi,1
1145,0,Did12M-Non_ha-1752-Galuppi[1.17][1145].xml,Did,Did12M,Non_ha,1,17,117,1752,Baldassare Galuppi,1
0017,0,Did12M-Non_ha-1753-Perez[1.17][0017].xml,Did,Did12M,Non_ha,1,17,117,1753,Davide Perez,1
0773,0,Did12M-Non_ha-1764-Galuppi[1.17][0773].xml,Did,Did12M,Non_ha,1,17,117,1764,Baldassare Galuppi,1
1146,0,Did13M-Se_resto-1752-Galuppi[1.18][1146].xml,Did,Did13M,Se_resto,1,18,118,1752,Baldassare Galuppi,1
0105,0,Did13M-Se_resto-1753-Perez[1.18][0105].xml,Did,Did13M,Se_resto,1,18,118,1753,Davide Perez,1
0109,0,Did13M-Se_resto-1764-Galuppi[1.18][0109].xml,Did,Did13M,Se_resto,1,18,118,1764,Baldassare Galuppi,1
0688,0,Did14M-Pensa_che-1764-Galuppi[2.01][0688].xml,Did,Did14M,Pensa_che,2,01,201,1764,Baldassare Galuppi,1
0493,0,Did16M-Ardi_per-1752-Galuppi[2.01][0493].xml,Did,Did16M,Ardi_per,2,01,201,1752,Baldassare Galuppi,1
0506,0,Did18M-Ah_non_lasciarmi-1752-Galuppi[2.04][0506].xml,Did,Did18M,Ah_non_lasciarmi,2,04,204,1752,Baldassare Galuppi,1
0034,0,Did18M-Ah_non_lasciarmi-1753-Perez[2.06][0034].xml,Did,Did18M,Ah_non_lasciarmi,2,06,206,1753,Davide Perez,1
0798,0,Did18M-Ah_non_lasciarmi-1764-Galuppi[2.07][0798].xml,Did,Did18M,Ah_non_lasciarmi,2,07,207,1764,Baldassare Galuppi,1
0250,0,Did19M-Vedi_nel-1753-Perez[2.07][0250].xml,Did,Did19M,Vedi_nel,2,07,207,1753,Davide Perez,1
0515,0,Did20M-Fosca_nube-1752-Galuppi[2.06][0515].xml,Did,Did20M,Fosca_nube,2,06,206,1752,Baldassare Galuppi,1
0252,0,Did20M-Fosca_nube-1753-Perez[2.08][0252].xml,Did,Did20M,Fosca_nube,2,08,208,1753,Davide Perez,1
0769,0,Did20M-Fosca_nube-1764-Galuppi[2.09][0769].xml,Did,Did20M,Fosca_nube,2,09,209,1764,Baldassare Galuppi,1
1148,0,Did21M-Tacero_se-1752-Galuppi[2.08][1148].xml,Did,Did21M,Tacero_se,2,08,208,1752,Baldassare Galuppi,1
0665,0,Did23M-Veggio_la-1752-Galuppi[X.XX][0665].xml,Did,Did23M,Veggio_la,X,XX,XXX,1752,Baldassare Galuppi,1
1161,0,Did24M-Chiamami_pur-1752-Galuppi[2.13][1161].xml,Did,Did24M,Chiamami_pur,2,13,213,1752,Baldassare Galuppi,1
0256,0,Did24M-Chiamami_pur-1753-Perez[2.15][0256].xml,Did,Did24M,Chiamami_pur,2,15,215,1753,Davide Perez,1
1166,0,Did25M-Va_lusingando-1752-Galuppi[2.14][1166].xml,Did,Did25M,Va_lusingando,2,14,214,1752,Baldassare Galuppi,1
1162,0,Did28M-Quando_londa-1752-Galuppi[3.05][1162].xml,Did,Did28M,Quando_londa,3,05,305,1752,Baldassare Galuppi,1
0666,0,Did29M-A_trionfar-1752-Galuppi[3.06][0666].xml,Did,Did29M,A_trionfar,3,06,306,1752,Baldassare Galuppi,1
0268,0,Did30M-Nel_duol-1753-Perez[3.08][0268].xml,Did,Did30M,Nel_duol,3,08,308,1753,Davide Perez,1
0689,0,Did30M-Nel_duol-1764-Galuppi[3.06][0689].xml,Did,Did30M,Nel_duol,3,06,306,1764,Baldassare Galuppi,1
1159,0,Did31M-Va_crescendo-1752-Galuppi[3.08][1159].xml,Did,Did31M,Va_crescendo,3,08,308,1752,Baldassare Galuppi,1
0267,0,Did31M-Va_crescendo-1753-Perez[3.09][0267].xml,Did,Did31M,Va_crescendo,3,09,309,1753,Davide Perez,1
0772,0,Did31M-Va_crescendo-1764-Galuppi[3.06][0772].xml,Did,Did31M,Va_crescendo,3,06,306,1764,Baldassare Galuppi,1
1167,0,Did33M-Cadra_fra-1752-Galuppi[3.17][1167].xml,Did,Did33M,Cadra_fra,3,17,317,1752,Baldassare Galuppi,1
0129,0,Did33M-Cadra_fra-1753-Perez[3.18][0129].xml,Did,Did33M,Cadra_fra,3,18,318,1753,Davide Perez,1
0130,0,Did33M-Cadra_fra-1764-Galuppi[3.16][0130].xml,Did,Did33M,Cadra_fra,3,16,316,1764,Baldassare Galuppi,1
0774,0,Did34M-Vado_ma-1764-Galuppi[3.17][0774].xml,Did,Did34M,Vado_ma,3,17,317,1764,Baldassare Galuppi,1
0832,0,Did38M-Vorrei_disciogliere-1764-Galuppi[3.04][0832].xml,Did,Did38M,Vorrei_disciogliere,3,04,304,1764,Baldassare Galuppi,1
0516,0,Did41M-La_caduta-1752-Galuppi[3.02][0516].xml,Did,Did41M,La_caduta,3,02,302,1752,Baldassare Galuppi,1
0249,0,Did55M-Non_so-1753-Perez[2.04][0249].xml,Did,Did55M,Non_so,2,04,204,1753,Davide Perez,1
0253,0,Did56X-Nell_affano-1753-Perez[2.11][0253].xml,Did,Did56X,Nell_affano,2,11,211,1753,Davide Perez,1
0255,0,Did57M-Zen-Fra_tutte-1753-Perez[2.12][0255].xml,Did,Did57M-Zen,Fra_tutte,2,12,212,1753,Davide Perez,1
0258,0,Did58X-Infelice_abbandonata-1753-Perez[2.16][0258].xml,Did,Did58X,Infelice_abbandonata,2,16,216,1753,Davide Perez,1
0263,0,Did59X-Quel_nocchier-1753-Perez[3.03][0263].xml,Did,Did59X,Quel_nocchier,3,03,303,1753,Davide Perez,1
0261,0,Did60X-Teneri_affetti-1753-Perez[3.07][0261].xml,Did,Did60X,Teneri_affetti,3,07,307,1753,Davide Perez,1
0768,0,Did65X-Non_fara-1764-Galuppi[2.05][0768].xml,Did,Did65X,Non_fara,2,05,205,1764,Baldassare Galuppi,1
0770,0,Did66X-Per_pieta-1764-Galuppi[2.12][0770].xml,Did,Did66X,Per_pieta,2,12,212,1764,Baldassare Galuppi,1
0831,0,Did67X-Deh_resta-1764-Galuppi[2.15][0831].xml,Did,Did67X,Deh_resta,2,15,215,1764,Baldassare Galuppi,1
0771,0,Did68X-La_face-1764-Galuppi[3.05][0771].xml,Did,Did68X,La_face,3,05,305,1764,Baldassare Galuppi,1
0247,0,Did93X-Sho_la-1753-Perez[2.01][0247].xml,Did,Did93X,Sho_la,2,01,201,1753,Davide Perez,1
